time,angular_velocity
0.0,0.641871019987239
0.0020000000000000018,0.6321173173319276
0.0040000000000000036,0.6166261425716664
0.006000000000000005,0.6189211314215337
0.007999999999999785,0.6137574065110462
0.010000000000000009,0.6154786481471899
0.011999999999999789,0.6252323507649556
0.01399999999999979,0.6240848563381921
0.016000000000000014,0.6212161202726219
0.017999999999999794,0.6269535924056713
0.020000000000000018,0.6332648117608229
0.021999999999999797,0.6246586035515367
0.0239999999999998,0.638428536694618
0.026000000000000023,0.6493297337973134
0.027999999999999803,0.6292485812610242
0.030000000000000027,0.6206423730597345
0.031999999999999806,0.6269535924056713
0.03399999999999981,0.6263798451920236
0.03600000000000003,0.6120361648755898
0.03799999999999981,0.6005612206567464
0.039999999999999813,0.6022824622876278
0.041999999999999815,0.6114624176639216
0.04399999999999982,0.6143311537230166
0.04599999999999982,0.6154786481471899
0.04799999999999982,0.6137574065110462
0.04999999999999982,0.6074461871843913
0.051999999999999824,0.6074461871843913
0.053999999999999826,0.6103149232408186
0.05600000000000005,0.6114624176639216
0.05799999999999983,0.6149049009350653
0.06000000000000005,0.6149049009350653
0.06199999999999983,0.6057249455514498
0.06399999999999983,0.6022824622876278
0.06600000000000006,0.5965449901873596
0.06799999999999984,0.5942500013493897
0.07000000000000006,0.5856437932178785
0.07199999999999984,0.5844962988016406
0.07399999999999984,0.5982662318166382
0.07599999999999985,0.5982662318166382
0.07799999999999985,0.5890862764684213
0.08000000000000007,0.5879387820512696
0.08199999999999985,0.582201309970084
0.08399999999999985,0.5816275627623855
0.08599999999999985,0.5781850795178011
0.08799999999999986,0.5747425962759658
0.09000000000000008,0.5799063211397496
0.09199999999999986,0.5776113323106358
0.09399999999999986,0.5747425962759658
0.09599999999999986,0.5609726633361479
0.09799999999999986,0.5483502248466867
0.10000000000000009,0.5535139496788071
0.10199999999999987,0.5609726633361479
0.10399999999999987,0.5655626409778604
0.10599999999999987,0.5632676521563922
0.10799999999999987,0.5581039273125638
0.1100000000000001,0.5586776745171265
0.11199999999999988,0.5632676521563922
0.11399999999999988,0.5546614440867862
0.11599999999999988,0.5477764776434997
0.11799999999999988,0.5357277863942796
0.1200000000000001,0.5322853031864221
0.12199999999999989,0.5340065447900072
0.12399999999999989,0.5276953255802376
0.1259999999999999,0.5276953255802376
0.1279999999999999,0.5259740839791822
0.13000000000000012,0.5219578535794058
0.1319999999999999,0.5213841063797459
0.13399999999999967,0.5139253927911287
0.1359999999999999,0.5081879208087084
0.1379999999999999,0.5110566567989603
0.1399999999999999,0.505892932017891
0.1419999999999999,0.5007292072430397
0.14399999999999968,0.5018767016369142
0.1459999999999999,0.4967129768669015
0.1479999999999999,0.4909755049075196
0.1499999999999999,0.4846642857610757
0.1519999999999999,0.479500561011815
0.1539999999999997,0.4840905385664062
0.15599999999999992,0.4835167913718134
0.15799999999999992,0.479500561011815
0.15999999999999992,0.480648055400001
0.16199999999999992,0.480648055400001
0.1639999999999997,0.4720418474961013
0.16599999999999993,0.4663043755697866
0.16799999999999993,0.4513869485973976
0.16999999999999993,0.4433544879415296
0.17199999999999993,0.4439282351307328
0.1739999999999997,0.4433544879415296
0.17599999999999993,0.4467969710779096
0.17799999999999994,0.4439282351307328
0.17999999999999994,0.4307320497985542
0.18199999999999994,0.4278633138621743
0.18399999999999972,0.4284370610492967
0.18599999999999994,0.4198308532505796
0.18799999999999994,0.41581462295045657
0.18999999999999995,0.4077821623615647
0.19199999999999995,0.4026184377052737
0.19399999999999973,0.3980284602382727
0.19599999999999995,0.3963072186894215
0.19799999999999973,0.3888485053191149
0.19999999999999996,0.3871272637739776
0.20199999999999996,0.38540602222953707
0.20399999999999974,0.3767998145177816
0.20599999999999996,0.3722098370786343
0.20799999999999974,0.3722098370786343
0.20999999999999996,0.3756523201575307
0.21199999999999997,0.36819360682344804
0.21399999999999997,0.3584399047909424
0.21599999999999997,0.3544236745487749
0.21799999999999997,0.3458174668997834
0.21999999999999997,0.3372112592682477
0.22199999999999998,0.3286050516541803
0.22399999999999998,0.3274575573069584
0.22599999999999998,0.3343425233949517
0.22799999999999998,0.3245888214402626
0.22999999999999998,0.3222938327483042
0.23199999999999998,0.31655636102384777
0.23399999999999999,0.3159826138518298
0.236,0.3113926364784845
0.238,0.3039339232574119
0.24,0.297048957218862
0.242,0.2981964515578416
0.244,0.29303272703488265
0.246,0.28786900251822944
0.248,0.27926279500449364
0.25,0.2769678063371252
0.252,0.2677878516801219
0.254,0.2580341498789301
0.256,0.2442642179627015
0.2579999999999998,0.2431167236383792
0.26,0.23967424066728715
0.2619999999999998,0.2350842633768725
0.2639999999999998,0.2327892747335392
0.266,0.2362317576990061
0.2679999999999998,0.23967424066728715
0.27,0.22188807869479465
0.2719999999999998,0.2127081241577504
0.2739999999999998,0.21442936563192094
0.276,0.20180692817103407
0.2779999999999998,0.19205322652267334
0.28,0.1863157549753923
0.2819999999999998,0.1817257777432099
0.2839999999999998,0.1805782834359498
0.28600000000000003,0.17656205336300593
0.2879999999999998,0.17254582329390775
0.29000000000000004,0.16279212171353225
0.2919999999999998,0.1696770875326184
0.2939999999999998,0.1593496388082282
0.29600000000000004,0.15705465020626258
0.2979999999999998,0.1438584657693561
0.2999999999999998,0.1392684885836558
0.3019999999999998,0.13639975284514907
0.3039999999999998,0.1174660970203322
0.30600000000000005,0.10943363699934047
0.30799999999999983,0.11402361415230293
0.31000000000000005,0.10771239556827986
0.31199999999999983,0.10713864842474954
0.31399999999999983,0.10943363699934047
0.31600000000000006,0.10197492413653247
0.31799999999999984,0.0887787398734323
0.32000000000000006,0.08361501560792503
0.32199999999999984,0.0790250384883956
0.32399999999999984,0.0790250384883956
0.32599999999999985,0.07730379706987488
0.32799999999999985,0.06410761288482432
0.33000000000000007,0.0463214516580731
0.33199999999999985,0.03828899177412981
0.33399999999999985,0.03369901470455538
0.33599999999999985,0.028535290507340192
0.33799999999999986,0.03542025610505135
0.3400000000000001,0.029682784772834214
0.34199999999999986,0.02796154337471292
0.34399999999999986,0.007880393782650714
0.34599999999999986,0.0015691753594894702
0.34799999999999986,-0.004742043054074643
0.3500000000000001,-0.014495744219782425
0.35199999999999987,-0.010479514330799229
0.35399999999999987,-0.013348249966184259
0.35599999999999987,-0.013921997093023645
0.3579999999999999,-0.020233215483008403
0.3600000000000001,-0.03687188210142795
0.3619999999999999,-0.040888111964822935
0.3639999999999999,-0.04662558319148091
0.3659999999999999,-0.040314364841719935
0.3679999999999999,-0.04203560621079098
0.3700000000000001,-0.05293680153161375
0.3719999999999999,-0.06900172089938604
0.3739999999999999,-0.07703418055984783
0.3759999999999999,-0.08736162867176307
0.3779999999999999,-0.0827716517363245
0.3800000000000001,-0.08105041038421952
0.3819999999999999,-0.092525352718029
0.3839999999999997,-0.09941031810299274
0.3859999999999999,-0.10113155944743893
0.3879999999999999,-0.10686903059039576
0.3899999999999999,-0.11604898440251285
0.3919999999999999,-0.12350769685979066
0.3939999999999997,-0.1292451679715799
0.3959999999999999,-0.12981891508231888
0.3979999999999999,-0.13326139774507198
0.3999999999999999,-0.13727762751464326
0.4019999999999999,-0.14645758125893554
0.4039999999999997,-0.15449004076837447
0.4059999999999999,-0.16137500604967944
0.4079999999999999,-0.16940746552994718
0.4099999999999999,-0.18489863734035147
0.4119999999999999,-0.18604613154620345
0.4139999999999997,-0.18088240761734606
0.4159999999999999,-0.188341119956941
0.4179999999999999,-0.19924231489040092
0.41999999999999993,-0.20899601559575015
0.42199999999999993,-0.2009635561930322
0.4239999999999997,-0.19924231489040092
0.42599999999999993,-0.21129100399363315
0.42799999999999994,-0.2256346814512431
0.42999999999999994,-0.2239134401589855
0.43199999999999994,-0.229650911130362
0.43399999999999994,-0.24227334723904914
0.43599999999999994,-0.24112585304896195
0.43799999999999994,-0.2474370710904568
0.43999999999999995,-0.2520270478417836
0.44199999999999995,-0.26005950714418785
0.44399999999999995,-0.2657969780647986
0.44599999999999995,-0.27096070188644994
0.44799999999999995,-0.2766981727917276
0.44999999999999996,-0.28587812622337644
0.45199999999999996,-0.2939105854591029
0.45399999999999996,-0.29735306798385197
0.45599999999999996,-0.2956318267218413
0.45799999999999996,-0.305959274282986
0.45999999999999996,-0.31227049222411896
0.46199999999999997,-0.31112299805373217
0.46399999999999997,-0.3139917334790925
0.46599999999999997,-0.3208766984917002
0.46799999999999997,-0.32718791640968325
0.47,-0.3248929280770054
0.472,-0.3243191809936333
0.474,-0.3352203755638492
0.476,-0.3478428113454434
0.478,-0.3627602354003547
0.48,-0.3776776594003857
0.482,-0.37021894740723227
0.484,-0.368497706176094
0.486,-0.3771039123244779
0.488,-0.38571011845457975
0.49,-0.3725139357142808
0.492,-0.3788251535519612
0.494,-0.38456262430495575
0.496,-0.393168830419206
0.498,-0.4006275423700881
0.5,-0.4006275423700881
0.502,-0.39833255407897256
0.504,-0.4132499779479391
0.506,-0.4235774252095925
0.5079999999999998,-0.4298886429676088
0.51,-0.431609884172628
0.5119999999999998,-0.4310361371043697
0.5139999999999998,-0.4304623900360307
0.516,-0.4361998607157599
0.5179999999999998,-0.4390685960525674
0.52,-0.4476748020507508
0.5219999999999998,-0.4620184786735829
0.5239999999999998,-0.4666084551821085
0.526,-0.4660347081188279
0.5279999999999998,-0.4643134669284987
0.53,-0.4723459258104139
0.5319999999999998,-0.4734934199350937
0.5339999999999998,-0.4723459258104139
0.536,-0.4740671669973108
0.5379999999999998,-0.4843946141032438
0.54,-0.4987382905952938
0.5419999999999998,-0.4987382905952938
0.5439999999999998,-0.5027545200038988
0.546,-0.5090657376378886
0.5479999999999998,-0.5096394846950324
0.55,-0.5130819670361749
0.5519999999999998,-0.5211144258207021
0.5539999999999998,-0.5257044022617888
0.5559999999999998,-0.5257044022617888
0.5579999999999998,-0.5228356669867245
0.5599999999999998,-0.5125082199795226
0.5619999999999998,-0.5285731375348033
0.5639999999999998,-0.5463592961817116
0.5659999999999998,-0.5423430668167235
0.5679999999999998,-0.5389005845006747
0.5699999999999998,-0.5475067902852556
0.5719999999999998,-0.5532442607980453
0.5739999999999998,-0.5538180078488726
0.5759999999999998,-0.5572604901521102
0.5779999999999998,-0.5595554783526271
0.5799999999999998,-0.5681616840928478
0.5819999999999999,-0.5664404429462827
0.5839999999999999,-0.5733254075281021
0.5859999999999999,-0.5779153839094019
0.5879999999999999,-0.5813578661919216
0.5899999999999999,-0.57562039571941
0.5919999999999999,-0.5796366250510319
0.5939999999999999,-0.5865215896101462
0.5959999999999999,-0.59799653051566
0.5979999999999999,-0.6054552420865777
0.5999999999999999,-0.6014390127808922
0.6019999999999999,-0.5928328071122548
0.6039999999999999,-0.5974227834711678
0.6059999999999999,-0.5997177716486461
0.6079999999999999,-0.6054552420865777
0.6099999999999999,-0.6146351947701254
0.6119999999999999,-0.6140614477280217
0.6139999999999999,-0.6152089418121468
0.6159999999999999,-0.6203726651866244
0.6179999999999999,-0.6117664595587835
0.6199999999999999,-0.6175039299794056
0.6219999999999999,-0.6232414003917807
0.6239999999999999,-0.6249626415138829
0.6259999999999999,-0.629552617835864
0.6279999999999999,-0.6347163411917773
0.6299999999999999,-0.6301263648757409
0.6319999999999999,-0.6352900882309118
0.6339999999999997,-0.6341425941525615
0.6359999999999999,-0.6427487997321283
0.6379999999999997,-0.6427487997321283
0.6399999999999999,-0.6410275586177011
0.6419999999999997,-0.6421750526940673
0.6439999999999999,-0.6484862701081812
0.6460000000000001,-0.6502075112193858
0.6479999999999999,-0.6479125230709486
0.6500000000000001,-0.6542237404759729
0.6519999999999999,-0.6519287523298475
0.6539999999999997,-0.658813716764254
0.6559999999999999,-0.6605349578709948
0.6579999999999997,-0.6662724282214236
0.6599999999999999,-0.6611087049064099
0.6619999999999997,-0.6622561989769914
0.6639999999999999,-0.6679936693249411
0.6660000000000001,-0.6743048866981279
0.6679999999999999,-0.6645511871171639
0.6700000000000002,-0.6674199222905172
0.6719999999999999,-0.6651249341520009
0.6740000000000002,-0.6576662226926789
0.6759999999999999,-0.6645511871171639
0.6780000000000002,-0.6748786337315575
0.6799999999999999,-0.6771736218644494
0.6819999999999997,-0.6771736218644494
0.6839999999999999,-0.6697149104277119
0.6860000000000002,-0.6708624044958118
0.688,-0.6748786337315575
0.6900000000000002,-0.6771736218644494
0.692,-0.6869273214144592
0.6939999999999997,-0.6926647917268143
0.696,-0.6754523807649051
0.6979999999999997,-0.6777473688974643
0.7,-0.686353574382768
0.7019999999999997,-0.6846323332871971
0.704,-0.6788948629632477
0.7059999999999997,-0.6800423570287009
0.708,-0.6760261277981694
0.7100000000000002,-0.6754523807649051
0.712,-0.6829110921908813
0.7139999999999997,-0.6823373451586112
0.716,-0.684058586255175
0.7179999999999997,-0.684058586255175
0.72,-0.6897960565716718
0.7219999999999998,-0.6920910446959516
0.724,-0.6886485625090358
0.7259999999999998,-0.6834848392230708
0.728,-0.684058586255175
0.7300000000000002,-0.6852060803191378
0.732,-0.684058586255175
0.7339999999999998,-0.6846323332871971
0.736,-0.6852060803191378
0.7379999999999998,-0.6829110921908813
0.74,-0.6897960565716718
0.7419999999999998,-0.6875010684460666
0.744,-0.6783211159303979
0.7459999999999998,-0.6668461752560125
0.748,-0.6754523807649051
0.7500000000000002,-0.6760261277981694
0.752,-0.6708624044958118
0.7539999999999998,-0.6788948629632477
0.756,-0.6823373451586112
0.7579999999999998,-0.6691411633935376
0.76,-0.6599612108354966
0.7619999999999998,-0.6634036930472434
0.764,-0.6708624044958118
0.7659999999999998,-0.6685674163592803
0.768,-0.6697149104277119
0.7699999999999998,-0.6748786337315575
0.772,-0.6748786337315575
0.7739999999999998,-0.6720098985635823
0.776,-0.6645511871171639
0.7779999999999998,-0.6570924756567679
0.78,-0.6484862701081812
0.7819999999999998,-0.6507812582562899
0.784,-0.6536499934395649
0.7859999999999998,-0.6502075112193858
0.788,-0.6542237404759729
0.7899999999999998,-0.6616824519417421
0.792,-0.6565187286207738
0.7939999999999998,-0.6513550052931093
0.796,-0.6513550052931093
0.7979999999999998,-0.6444700408458116
0.8,-0.6364375823089289
0.8019999999999998,-0.6393063175025304
0.804,-0.6490600171453316
0.8059999999999998,-0.6438962938079993
0.808,-0.6318476059948727
0.8099999999999998,-0.6278313767157402
0.812,-0.6329951000738826
0.8139999999999998,-0.629552617835864
0.8160000000000001,-0.6220939063099652
0.8179999999999998,-0.6255363885544204
0.8200000000000001,-0.6232414003917807
0.8219999999999998,-0.6180776770210139
0.8240000000000001,-0.6146351947701254
0.8259999999999998,-0.6077502302594423
0.8280000000000001,-0.6060289891299174
0.8299999999999998,-0.6094714713882262
0.8320000000000001,-0.6094714713882262
0.8339999999999999,-0.59799653051566
0.8360000000000001,-0.6002915186928106
0.8379999999999999,-0.5991440246043996
0.8400000000000001,-0.6043077479996509
0.8419999999999999,-0.5957015423371929
0.8440000000000001,-0.5962752893819331
0.8459999999999999,-0.5882428307480723
0.8480000000000001,-0.5842266014250921
0.8499999999999999,-0.5733254075281021
0.8520000000000001,-0.5629979606509339
0.8539999999999999,-0.5618504665518269
0.8560000000000001,-0.5641454547497139
0.8579999999999999,-0.5652929488481614
0.8600000000000001,-0.571030419335479
0.8619999999999999,-0.5584079842525334
0.8640000000000001,-0.5566867431017775
0.8659999999999999,-0.5595554783526271
0.8680000000000001,-0.5498017784913565
0.8699999999999999,-0.5400480786063524
0.8720000000000001,-0.5383268374477129
0.8739999999999999,-0.5331631139673616
0.8760000000000001,-0.5337368610210619
0.8779999999999999,-0.5331631139673616
0.8800000000000001,-0.5337368610210619
0.8819999999999999,-0.5262781493165548
0.8839999999999997,-0.5176719434864441
0.8859999999999999,-0.5148032082056401
0.8879999999999997,-0.5142294611492333
0.8899999999999999,-0.5170981964304466
0.8919999999999997,-0.5090657376378886
0.8939999999999999,-0.4993120376539116
0.8960000000000001,-0.4947220611826757
0.8979999999999999,-0.4872633494057448
0.9000000000000001,-0.4826733729207607
0.9019999999999999,-0.4843946141032438
0.9039999999999997,-0.4803783846763072
0.9059999999999999,-0.4780833964305438
0.9079999999999997,-0.4752146611215007
0.9099999999999999,-0.4648872139920256
0.9119999999999997,-0.4574285021598292
0.9139999999999999,-0.4534122727060069
0.9160000000000001,-0.4545597668360793
0.9179999999999999,-0.4539860197710846
0.9200000000000002,-0.4499697903138336
0.9219999999999999,-0.4459535608525828
0.9240000000000002,-0.4448060667200628
0.9259999999999999,-0.43964234311968337
0.9280000000000002,-0.4304623900360307
0.9299999999999999,-0.4224299310707127
0.9320000000000002,-0.4189874486521172
0.9339999999999999,-0.4121024838061266
0.9360000000000002,-0.4000537952974299
0.938,-0.3989063011518733
0.9400000000000002,-0.3977588070059896
0.942,-0.3954638187132489
0.9439999999999997,-0.3903000950498219
0.946,-0.3782514064762145
0.9479999999999997,-0.3771039123244779
0.95,-0.3725139357142808
0.9519999999999997,-0.36448147663392816
0.954,-0.3662027178667716
0.9559999999999997,-0.3627602354003547
0.958,-0.3518590409040839
0.9600000000000002,-0.3455478230244367
0.962,-0.34095784637852805
0.9639999999999997,-0.3426790876213537
0.966,-0.33464662848193416
0.9679999999999997,-0.3357941226456821
0.97,-0.32661416932663584
0.9719999999999998,-0.318007963071197
0.974,-0.31112299805373217
0.9759999999999998,-0.3042380330246156
0.978,-0.300221803418918
0.9800000000000002,-0.300221803418918
0.982,-0.2944843325467633
0.9839999999999998,-0.29333683837136204
0.986,-0.2979268150710272
0.9879999999999998,-0.2921893441956384
0.99,-0.27096070188644994
0.9919999999999998,-0.2571907716808583
0.994,-0.2537482891222003
0.9959999999999998,-0.26005950714418785
0.998,-0.2457158298073802
1.0000000000000002,-0.23825711757233145
1.002,-0.23710962338111505
1.0039999999999998,-0.2313721524202053
1.006,-0.2210447046702793
1.0079999999999998,-0.21014350979485247
1.01,-0.21129100399363315
1.0119999999999998,-0.2164547278841648
1.014,-0.21415973948917735
1.0159999999999998,-0.20612728009658812
1.018,-0.1963735793844063
1.0199999999999998,-0.18145615472087268
1.022,-0.18145615472087268
1.0239999999999998,-0.1739974423687572
1.026,-0.1573587763036542
1.0279999999999998,-0.15506378787559022
1.03,-0.16194875315593416
1.0319999999999998,-0.1608012589433441
1.034,-0.15391629366107812
1.0359999999999998,-0.142441351498329
1.038,-0.14072011017115504
1.0399999999999998,-0.1453100870420201
1.042,-0.12465519108278852
1.0439999999999998,-0.09998406521788744
1.046,-0.1040002950199152
1.0479999999999998,-0.11145900749901153
1.05,-0.10859027193172636
1.0519999999999998,-0.09941031810299274
1.054,-0.08564038732157163
1.0559999999999998,-0.08105041038421952
1.058,-0.07473919208702462
1.0599999999999998,-0.08105041038421952
1.062,-0.07990291614908245
1.0639999999999998,-0.0712967093753977
1.066,-0.062116755463701566
1.0679999999999998,-0.06096926122330595
1.07,-0.040888111964822935
1.0719999999999998,-0.039166870595273705
1.074,-0.03457689360631038
1.0759999999999998,-0.029413169487643963
1.078,-0.015069491346462932
1.0799999999999998,-0.01908572123099904
1.082,-0.024249445362540176
1.0839999999999999,-0.0070370315657172925
1.086,0.009027888042439005
1.0879999999999999,0.015339106476941963
1.09,0.01591285360782465
1.0919999999999999,0.016486600738790266
1.094,0.026814049109693996
1.0959999999999999,0.034846508971474684
1.098,0.043452715983455535
1.0999999999999999,0.04919018733466698
1.102,0.04861644019918917
1.1039999999999999,0.050337681605858206
1.106,0.05837014151305535
1.1079999999999999,0.05148517587736642
1.11,0.06410761288482432
1.1119999999999999,0.07328756709608847
1.114,0.08246752132756757
1.1159999999999999,0.08820499273250451
1.118,0.08992623415552348
1.1199999999999999,0.10140117699379116
1.122,0.09451621128704564
1.1239999999999999,0.10599115413792763
1.1260000000000001,0.1174660970203322
1.128,0.12435106276489424
1.1300000000000001,0.12492480991078607
1.132,0.13353101710860782
1.1339999999999997,0.13180977566762767
1.136,0.13467851140298856
1.1379999999999997,0.13984223573159216
1.14,0.14615345436409224
1.1419999999999997,0.1513171787068478
1.144,0.14672720151297333
1.1460000000000001,0.15992338595891584
1.148,0.1708245818368985
1.1500000000000001,0.17828329482236735
1.152,0.18975823790281945
1.1539999999999997,0.18746324928422026
1.156,0.1840207663586733
1.1579999999999997,0.1983644452337331
1.16,0.21959309005865515
1.1619999999999997,0.22188807869479465
1.164,0.21615060710679607
1.1660000000000001,0.21787184858237332
1.168,0.22188807869479465
1.1700000000000002,0.2259043088110485
1.172,0.22934679177088715
1.1740000000000002,0.2350842633768725
1.176,0.2431167236383792
1.1780000000000002,0.2477067009375423
1.18,0.2459854594497708
1.1820000000000002,0.2540179197320521
1.184,0.2637716215239597
1.1860000000000002,0.27065658750829275
1.188,0.2758203120039095
1.1900000000000002,0.2804102893386463
1.192,0.28385277234297296
1.1939999999999997,0.28786900251822944
1.196,0.29762270438831384
1.1980000000000002,0.3010651874066545
1.2,0.3027864289168761
1.2019999999999997,0.30450767042779764
1.204,0.30680265911011545
1.2059999999999997,0.31655636102384777
1.208,0.3291787988279079
1.2100000000000002,0.32688381013346324
1.212,0.33549001774403764
1.2139999999999997,0.3412274894941249
1.216,0.3366375120934335
1.2180000000000002,0.3406537423187674
1.22,0.3395062479682826
1.2219999999999998,0.3532761801945685
1.224,0.3670461124655183
1.2259999999999998,0.3727835842582567
1.228,0.36819360682344804
1.2300000000000002,0.3710623427196234
1.232,0.3699148483609211
1.2339999999999998,0.3710623427196234
1.236,0.3796685504197651
1.2380000000000002,0.3877010109556128
1.24,0.3865535165924206
1.2419999999999998,0.3928647355938093
1.244,0.4020446905216281
1.2459999999999998,0.41122464546923626
1.248,0.4083559095459829
1.2500000000000002,0.4146671285796879
1.252,0.41753586450718977
1.2539999999999998,0.4186833588787297
1.256,0.4278633138621743
1.2580000000000002,0.4341745329247535
1.26,0.43360078573686
1.2619999999999998,0.4347482801127237
1.264,0.43532202730077146
1.2659999999999998,0.4427807407524022
1.268,0.4519606957876813
1.2699999999999998,0.4565506733127168
1.272,0.4571244205036942
1.2739999999999998,0.4588456620770834
1.276,0.4565506733127168
1.2780000000000002,0.4617143980342758
1.28,0.4645831339933917
1.2819999999999998,0.4812218025942093
1.284,0.4898280105165646
1.2859999999999998,0.486959274540525
1.288,0.4754843306555841
1.2899999999999998,0.4829430441772981
1.292,0.4932704936903504
1.2939999999999998,0.4926967464945283
1.296,0.5041716904255817
1.2980000000000003,0.5081879208087084
1.3,0.5047454376229414
1.3019999999999998,0.5116304039972398
1.304,0.5173678759842623
1.3059999999999998,0.5196628647812218
1.308,0.5173678759842623
1.3099999999999998,0.5133516455925399
1.312,0.5219578535794058
1.3139999999999998,0.5271215783798097
1.316,0.5236790951788507
1.3180000000000003,0.5248265895788642
1.32,0.5305640615835276
1.3219999999999998,0.5357277863942796
1.324,0.54376024722334
1.3259999999999998,0.5431865000207661
1.328,0.5397440168069331
1.3299999999999998,0.5426127528182696
1.332,0.542039005615849
1.3339999999999999,0.54376024722334
1.336,0.5569564329036646
1.3380000000000003,0.5603989161312775
1.34,0.5592514217217676
1.3419999999999999,0.5569564329036646
1.344,0.5644151465669724
1.3459999999999999,0.5603989161312775
1.348,0.5552351912908916
1.3499999999999999,0.5678576298005507
1.352,0.5718738602432071
1.3539999999999999,0.5672838825947634
1.356,0.5730213546560805
1.3580000000000003,0.5827750571778584
1.36,0.5867912876344193
1.3619999999999999,0.5816275627623855
1.364,0.5827750571778584
1.3659999999999999,0.5908075180947245
1.368,0.5810538155547644
1.3699999999999999,0.5781850795178011
1.372,0.5879387820512696
1.3739999999999999,0.5971187373970437
1.3760000000000001,0.5913812653036437
1.3780000000000003,0.5856437932178785
1.3800000000000001,0.5931025069308615
1.382,0.6022824622876278
1.3839999999999997,0.6034299567085964
1.386,0.6085936816067333
1.3880000000000001,0.6040037039191951
1.39,0.6045774511298705
1.3919999999999997,0.5959712429777522
1.394,0.5959712429777522
1.3959999999999997,0.6017087150772578
1.398,0.6057249455514498
1.4000000000000001,0.6062986927623539
1.402,0.6189211314215337
1.4039999999999997,0.6206423730597345
1.406,0.6057249455514498
1.4080000000000001,0.6028562094980738
1.41,0.6051511983406234
1.4119999999999997,0.6194948786341916
1.414,0.6229373619117354
1.4160000000000001,0.6057249455514498
1.418,0.6062986927623539
1.4200000000000002,0.6189211314215337
1.422,0.6126099120873324
1.4240000000000002,0.6091674288180178
1.426,0.6080199343955238
1.4280000000000002,0.6143311537230166
1.43,0.6177736369964474
1.4320000000000002,0.6097411760293814
1.434,0.6011349678669639
1.4360000000000002,0.6028562094980738
1.438,0.6137574065110462
1.4400000000000002,0.6258060979784521
1.442,0.616052395359389
1.4440000000000002,0.6171998897840174
1.446,0.616052395359389
1.4480000000000002,0.6103149232408186
1.45,0.6108886704523318
1.4519999999999997,0.616052395359389
1.454,0.6108886704523318
1.4559999999999997,0.6057249455514498
1.458,0.6068724399733345
1.4600000000000002,0.6080199343955238
1.462,0.5988399790265517
1.4639999999999997,0.6022824622876278
1.466,0.6108886704523318
1.4680000000000002,0.6120361648755898
1.47,0.6080199343955238
1.4719999999999998,0.6103149232408186
1.474,0.6171998897840174
1.4759999999999998,0.6108886704523318
1.478,0.6040037039191951
1.4800000000000002,0.5982662318166382
1.482,0.5913812653036437
1.4839999999999998,0.586217540426111
1.486,0.5902337708858798
1.4880000000000002,0.5982662318166382
1.49,0.5919550125126396
1.4919999999999998,0.5908075180947245
1.494,0.5850700460097211
1.4959999999999998,0.5867912876344193
1.498,0.5879387820512696
1.5000000000000002,0.5816275627623855
1.502,0.5850700460097211
1.5039999999999998,0.5804800683472194
1.506,0.5787588267250409
1.5080000000000002,0.5787588267250409
1.51,0.5896600236771118
1.5119999999999998,0.5942500013493897
1.514,0.5799063211397496
1.5159999999999998,0.5695788714183737
1.518,0.5730213546560805
1.5199999999999998,0.5661363881834182
1.522,0.5649888937723776
1.5239999999999998,0.5632676521563922
1.526,0.5500714664567038
1.5280000000000002,0.5540876968827582
1.53,0.5661363881834182
1.5319999999999998,0.5603989161312775
1.534,0.5500714664567038
1.5359999999999998,0.5449077416287168
1.538,0.5472027304403909
1.5399999999999998,0.5426127528182696
1.542,0.54376024722334
1.5439999999999998,0.5449077416287168
1.546,0.5340065447900072
1.5480000000000003,0.5345802919913544
1.55,0.5317115559853819
1.5519999999999998,0.5322853031864221
1.554,0.5299903143827168
1.5559999999999998,0.5334327975887344
1.558,0.5271215783798097
1.5599999999999998,0.5208103591801603
1.562,0.5070404264131458
1.5639999999999998,0.5041716904255817
1.566,0.5001554600462179
1.5680000000000003,0.4995817128494736
1.57,0.4967129768669015
1.5719999999999998,0.4961392296706176
1.574,0.4990079656528053
1.5759999999999998,0.4949917352782806
1.578,0.493844240886249
1.5799999999999998,0.4852380329558228
1.582,0.4875330217355798
1.5839999999999999,0.4817955497884945
1.586,0.4766318250426943
1.5880000000000003,0.4697468587246518
1.59,0.4697468587246518
1.5919999999999999,0.4703206059173985
1.594,0.4576981676947459
1.5959999999999999,0.4640093868014154
1.598,0.4651568811854456
1.5999999999999999,0.4599931564597302
1.602,0.4462232238883203
1.6039999999999999,0.4445019823200144
1.606,0.4427807407524022
1.6080000000000003,0.4330270385490447
1.61,0.4307320497985542
1.6119999999999999,0.4272895666751302
1.614,0.420978347622738
1.6159999999999999,0.41122464546923626
1.618,0.3957334715066261
1.6199999999999999,0.3877010109556128
1.622,0.4003234489711547
1.6239999999999999,0.4117983926541181
1.6260000000000001,0.4095034039150529
1.6280000000000003,0.3917172412292253
1.6300000000000001,0.3848322750482111
1.632,0.3865535165924206
1.6339999999999997,0.38540602222953707
1.636,0.3899959996829269
1.6380000000000001,0.3842585278669642
1.64,0.3699148483609211
1.6419999999999997,0.3676198596444463
1.644,0.3595873991465454
1.6459999999999997,0.3544236745487749
1.648,0.3515549386638389
1.6500000000000001,0.346964961251974
1.652,0.3372112592682477
1.6539999999999997,0.326310062960048
1.656,0.3245888214402626
1.6580000000000001,0.32286757992117765
1.66,0.3205725912301509
1.6619999999999997,0.30967139496476204
1.664,0.3039339232574119
1.6660000000000001,0.3056551647688
1.668,0.3033601760871045
1.6700000000000002,0.297048957218862
1.672,0.297048957218862
1.6740000000000002,0.29245897986605324
1.676,0.2936064742037897
1.6780000000000002,0.28672150818205233
1.68,0.2769678063371252
1.6820000000000002,0.27065658750829275
1.684,0.2654928630189901
1.6860000000000002,0.2557391612231019
1.688,0.2609028857004692
1.6900000000000002,0.2528704254050753
1.692,0.24024798782893986
1.6940000000000002,0.23451051621592195
1.696,0.2310680332518617
1.6980000000000002,0.21787184858237332
1.7,0.21213437699985035
1.7020000000000002,0.2201668372175736
1.704,0.2138556184737861
1.7059999999999997,0.2012331810146213
1.708,0.20238067532752432
1.7100000000000002,0.20180692817103407
1.712,0.20524941111115375
1.7139999999999997,0.19205322652267334
1.716,0.18000453628243634
1.7180000000000002,0.16738209892500053
1.72,0.165660857470111
1.7219999999999998,0.16279212171353225
1.724,0.16107088026052602
1.7259999999999998,0.1547596616055541
1.728,0.1490221901092828
1.7300000000000002,0.138694741435797
1.732,0.14098973002770354
1.7339999999999998,0.1369734999926925
1.736,0.1300885342273551
1.7380000000000002,0.11918733845541052
1.74,0.11918733845541052
1.7419999999999998,0.11230237271935126
1.744,0.09508995842884067
1.7459999999999998,0.09623745271266793
1.748,0.10025368270854486
1.7500000000000002,0.0922212227206529
1.752,0.08418876274822115
1.7539999999999998,0.08246752132756757
1.756,0.07271381995729277
1.7580000000000002,0.06755009571167883
1.76,0.0623863714724635
1.7619999999999998,0.05837014151305535
1.764,0.041157727445186136
1.7659999999999998,0.03714149750626189
1.768,0.028535290507340192
1.7699999999999998,0.03197777330477166
1.772,0.02451906058060864
1.7739999999999998,0.03312526757121509
1.776,0.02624030197730543
1.7780000000000002,0.01706034786983416
1.78,0.0038641638758907713
1.7819999999999998,0.002142922488470248
1.784,-0.006463284437924628
1.7859999999999998,-0.011053261458034648
1.788,-0.025396939613119618
1.7899999999999998,-0.02482319248786826
1.792,-0.02482319248786826
1.7939999999999998,-0.04203560621079098
1.796,-0.038019376348509715
1.7980000000000003,-0.038019376348509715
1.8,-0.04949431880182645
1.8019999999999998,-0.046051836069173104
1.804,-0.055231790016546725
1.8059999999999998,-0.07014921513755112
1.808,-0.08850912290482618
1.8099999999999998,-0.08449289308771257
1.812,-0.09195160560209653
1.8139999999999998,-0.10572153636244397
1.816,-0.11260650172536675
1.8180000000000003,-0.10055781233270232
1.82,-0.1034265479055785
1.8219999999999998,-0.116622731515091
1.824,-0.12695017952782398
1.8259999999999998,-0.13440889196534953
1.828,-0.12236020263647425
1.8299999999999998,-0.13440889196534953
1.832,-0.1453100870420201
1.8339999999999999,-0.14473633993344184
1.836,-0.15391629366107812
1.8380000000000003,-0.1608012589433441
1.84,-0.16424374158015015
1.8419999999999999,-0.17170245394999506
1.844,-0.17457118947324798
1.8459999999999999,-0.18030866051373806
1.848,-0.18661987864900698
1.8499999999999999,-0.19407859097816546
1.852,-0.1889148670594252
1.8539999999999999,-0.19866856778936132
1.856,-0.19752107358704504
1.8580000000000003,-0.20727477429649416
1.86,-0.21932346337608968
1.8619999999999999,-0.22161845176818087
1.864,-0.22792966983979396
1.8659999999999999,-0.23251964661303226
1.868,-0.2394046117632247
1.8699999999999999,-0.2445683356182587
1.872,-0.26292824260550224
1.8739999999999999,-0.26522323097310113
1.8760000000000001,-0.2577645187736857
1.8780000000000003,-0.26005950714418785
1.8800000000000001,-0.2772719198818114
1.882,-0.28014065533101845
1.8839999999999997,-0.28817311457805794
1.886,-0.2967793208965955
1.8880000000000001,-0.2927630912835397
1.89,-0.28128814951013675
1.8919999999999997,-0.2939105854591029
1.894,-0.31227049222411896
1.8959999999999997,-0.3191554572396416
1.898,-0.32145044557555896
1.9000000000000001,-0.3260404222435063
1.902,-0.3294829047410644
1.9039999999999997,-0.3386628580536292
1.906,-0.33636786972743365
1.9080000000000001,-0.34440032886344624
1.91,-0.35817025877391623
1.9119999999999997,-0.3616127412442306
1.914,-0.3604652470877834
1.9160000000000001,-0.3610389941660481
1.918,-0.3633339824782931
1.9200000000000002,-0.3673502120215951
1.922,-0.3776776594003857
1.9240000000000002,-0.38456262430495575
1.926,-0.3885788538272159
1.9280000000000002,-0.3960375657865565
1.93,-0.3948900716398598
1.9320000000000002,-0.3954638187132489
1.934,-0.4040700248043165
1.9360000000000002,-0.4012012894426633
1.938,-0.4138237250187232
1.9400000000000002,-0.4207086898617804
1.942,-0.4304623900360307
1.9440000000000002,-0.4350523665804661
1.946,-0.4407898372536719
1.9480000000000002,-0.4390685960525674
1.95,-0.4367736077832843
1.9520000000000002,-0.4402160901867187
1.954,-0.4522647785756091
1.9560000000000002,-0.4534122727060069
1.958,-0.4643134669284987
1.9600000000000002,-0.4671822022453074
1.962,-0.4660347081188279
1.9639999999999997,-0.4637397198648928
1.966,-0.4677559493084235
1.9680000000000002,-0.4711984316854064
1.97,-0.4849683611639077
1.9719999999999998,-0.4924270729450934
1.974,-0.4964433023600017
1.9759999999999998,-0.4952958082418654
1.978,-0.5021807729457729
1.9800000000000002,-0.5061970023509408
1.982,-0.5027545200038988
1.9839999999999998,-0.5039020141199075
1.986,-0.5084919905806629
1.9880000000000002,-0.5142294611492333
1.99,-0.5193931846539412
1.9919999999999998,-0.5274256434258434
1.994,-0.5331631139673616
1.9959999999999998,-0.5354581021816714
1.998,-0.5325893669135776
2.0,-0.5452118020778405
2.002,-0.5578342372023634
2.0039999999999996,-0.5515230196450698
2.0060000000000002,-0.544638055025781
2.008,-0.5469330432335248
2.01,-0.5538180078488726
2.0119999999999996,-0.5641454547497139
2.0140000000000002,-0.5687354311415392
2.016,-0.5704566722871164
2.018,-0.5693091781901469
2.0199999999999996,-0.5704566722871164
2.0220000000000002,-0.5727516604800696
2.024,-0.5750466486717076
2.026,-0.5738991545760526
2.0280000000000005,-0.5813578661919216
2.0300000000000002,-0.5876690837021787
2.032,-0.5870953366562041
2.034,-0.5888165777938836
2.0359999999999996,-0.5905378189308222
2.0380000000000003,-0.5962752893819331
2.04,-0.6111927125162684
2.042,-0.6054552420865777
2.0439999999999996,-0.6077502302594423
2.0460000000000003,-0.6146351947701254
2.048,-0.6157826888540838
2.05,-0.6094714713882262
2.0519999999999996,-0.6163564358959409
2.0540000000000003,-0.6192251711039842
2.056,-0.6169301829377143
2.058,-0.6215201592689343
2.0599999999999996,-0.6215201592689343
2.0620000000000003,-0.6261101355948748
2.064,-0.6318476059948727
2.066,-0.6318476059948727
2.0680000000000005,-0.6301263648757409
2.0700000000000003,-0.6324213530344187
2.072,-0.6410275586177011
2.074,-0.6416013056559249
2.0759999999999996,-0.6433225467701049
2.0780000000000003,-0.6547974875122964
2.08,-0.6547974875122964
2.082,-0.6427487997321283
2.0839999999999996,-0.6318476059948727
2.0860000000000003,-0.6433225467701049
2.088,-0.6484862701081812
2.09,-0.6484862701081812
2.0919999999999996,-0.6513550052931093
2.0940000000000003,-0.6645511871171639
2.096,-0.6691411633935376
2.098,-0.6645511871171639
2.0999999999999996,-0.6513550052931093
2.1020000000000003,-0.6611087049064099
2.104,-0.6656986811867533
2.106,-0.6576662226926789
2.1080000000000005,-0.6622561989769914
2.1100000000000003,-0.6702886574618033
2.112,-0.6674199222905172
2.114,-0.6599612108354966
2.1159999999999997,-0.6576662226926789
2.1180000000000003,-0.6605349578709948
2.12,-0.6645511871171639
2.122,-0.6731573926310203
2.1239999999999997,-0.6748786337315575
2.1260000000000003,-0.6656986811867533
2.128,-0.6605349578709948
2.13,-0.6656986811867533
2.1319999999999997,-0.6720098985635823
2.1339999999999995,-0.6777473688974643
2.136,-0.684058586255175
2.138,-0.684058586255175
2.1399999999999997,-0.6765998748313516
2.1419999999999995,-0.6702886574618033
2.144,-0.6668461752560125
2.146,-0.6760261277981694
2.1479999999999997,-0.6771736218644494
2.1500000000000004,-0.6748786337315575
2.152,-0.6760261277981694
2.154,-0.6662724282214236
2.1559999999999997,-0.6662724282214236
2.1580000000000004,-0.6697149104277119
2.16,-0.6731573926310203
2.162,-0.6702886574618033
2.1639999999999997,-0.6737311396646156
2.1660000000000004,-0.6737311396646156
2.168,-0.6697149104277119
2.17,-0.6743048866981279
2.1719999999999997,-0.6668461752560125
2.1740000000000004,-0.6628299460121593
2.176,-0.6565187286207738
2.178,-0.658813716764254
2.1799999999999997,-0.6634036930472434
2.1820000000000004,-0.6674199222905172
2.184,-0.6662724282214236
2.186,-0.6656986811867533
2.1879999999999997,-0.6605349578709948
2.1900000000000004,-0.6611087049064099
2.192,-0.6651249341520009
2.194,-0.6645511871171639
2.1959999999999997,-0.6553712345485376
2.1980000000000004,-0.6611087049064099
2.2,-0.6714361515297379
2.202,-0.6668461752560125
2.2039999999999997,-0.6565187286207738
2.2060000000000004,-0.6484862701081812
2.208,-0.6467650289962323
2.21,-0.6421750526940673
2.2119999999999997,-0.646191281958751
2.2140000000000004,-0.6444700408458116
2.216,-0.635863835269961
2.218,-0.6404538115793935
2.2199999999999998,-0.6387325704639765
2.2219999999999995,-0.6301263648757409
2.224,-0.6329951000738826
2.226,-0.6433225467701049
2.2279999999999998,-0.638158823425338
2.2300000000000004,-0.6272576296755331
2.232,-0.6284051237558637
2.234,-0.6301263648757409
2.2359999999999998,-0.6238151474325644
2.2379999999999995,-0.6152089418121468
2.24,-0.6203726651866244
2.242,-0.6324213530344187
2.2439999999999998,-0.6329951000738826
2.2459999999999996,-0.6088977243453808
2.248,-0.6025865068686421
2.25,-0.6048814950431558
2.252,-0.6066027361731751
2.2539999999999996,-0.6054552420865777
2.2560000000000002,-0.6025865068686421
2.258,-0.6014390127808922
2.26,-0.6002915186928106
2.2619999999999996,-0.6043077479996509
2.2640000000000002,-0.603160253912394
2.266,-0.59799653051566
2.268,-0.5905378189308222
2.2699999999999996,-0.5848003484714791
2.2720000000000002,-0.5773416368620273
2.274,-0.5733254075281021
2.276,-0.5721779134319549
2.2779999999999996,-0.5681616840928478
2.2800000000000002,-0.5607029724523912
2.282,-0.5532442607980453
2.284,-0.5589817313026212
2.2859999999999996,-0.5670141899952205
2.2880000000000003,-0.5647192017989795
2.29,-0.5469330432335248
2.292,-0.5417693197642539
2.2939999999999996,-0.5457855491298171
2.2960000000000003,-0.5463592961817116
2.298,-0.5383268374477129
2.3,-0.5245569081520097
2.3019999999999996,-0.5302943786976279
2.3040000000000003,-0.5285731375348033
2.306,-0.5285731375348033
2.308,-0.5228356669867245
2.3099999999999996,-0.5165244493743678
2.3120000000000003,-0.5142294611492333
2.314,-0.5165244493743678
2.316,-0.5027545200038988
2.3179999999999996,-0.4918533258854928
2.3200000000000003,-0.4924270729450934
2.322,-0.4941483141234021
2.324,-0.4930008200046118
2.3259999999999996,-0.4878370964660002
2.3280000000000003,-0.4855421082244895
2.33,-0.4809521317375438
2.332,-0.4717721787479504
2.3339999999999996,-0.4734934199350937
2.3360000000000003,-0.4717721787479504
2.338,-0.4637397198648928
2.34,-0.4516910315102888
2.3419999999999996,-0.4505435373793996
2.3440000000000003,-0.4511172844448841
2.346,-0.44365857258721736
2.348,-0.4350523665804661
2.3499999999999996,-0.4304623900360307
2.3520000000000003,-0.4264461605553685
2.354,-0.424151172278911
2.356,-0.41611871330104616
2.3579999999999997,-0.4149712191600475
2.3600000000000003,-0.4143974720894261
2.362,-0.4029225306598992
2.364,-0.4012012894426633
2.3659999999999997,-0.4000537952974299
2.3680000000000003,-0.393168830419206
2.37,-0.3799726477032103
2.372,-0.3707926944841167
2.3739999999999997,-0.369645200330268
2.3760000000000003,-0.3627602354003547
2.378,-0.3541540292215224
2.38,-0.3530065350629655
2.3819999999999997,-0.3575965116952462
2.3839999999999995,-0.3558752704587493
2.386,-0.35472777630067914
2.388,-0.35071154674487753
2.3899999999999997,-0.33292538723570764
2.3919999999999995,-0.3248929280770054
2.394,-0.32661416932663584
2.396,-0.3300566518237072
2.3979999999999997,-0.3225979397430326
2.4000000000000004,-0.3025167917655152
2.402,-0.2898943558432191
2.404,-0.28587812622337644
2.4059999999999997,-0.2875993674895087
2.4080000000000004,-0.28473063204555016
2.41,-0.2795669082413392
2.412,-0.2744031844305854
2.4139999999999997,-0.26866571352207824
2.4159999999999995,-0.26005950714418785
2.418,-0.2594857600516836
2.42,-0.26522323097310113
2.4219999999999997,-0.2583382658664317
2.4239999999999995,-0.2439945885235774
2.426,-0.2353883820936882
2.428,-0.2353883820936882
2.4299999999999997,-0.229650911130362
2.4319999999999995,-0.2227659459637444
2.434,-0.21473348658804456
2.436,-0.2107172568942824
2.4379999999999997,-0.19350484387640432
2.4400000000000004,-0.18202990182432027
2.442,-0.18547238444331776
2.444,-0.1900623612641511
2.4459999999999997,-0.18145615472087268
2.4480000000000004,-0.17686617789040654
2.45,-0.17743992499449587
2.452,-0.17112870684510284
2.4539999999999997,-0.16022751183693051
2.4559999999999995,-0.14416259282478378
2.458,-0.13842512173380084
2.46,-0.13670388040494508
2.4619999999999997,-0.13899886884325874
2.4639999999999995,-0.13440889196534953
2.466,-0.12522893819416847
2.468,-0.12121270841283703
2.4699999999999998,-0.10572153636244397
2.4719999999999995,-0.10285280079116277
2.474,-0.10227905367666876
2.476,-0.09539408829649464
2.4779999999999998,-0.0902303642538202
2.4799999999999995,-0.08850912290482618
2.482,-0.09137785848608423
2.484,-0.07990291614908245
2.4859999999999998,-0.06842797378018453
2.4879999999999995,-0.05867427274155755
2.49,-0.044904341824318766
2.492,-0.03342939935827457
2.4939999999999998,-0.041461859087846095
2.4959999999999996,-0.044904341824318766
2.498,-0.040888111964822935
2.5,-0.031708157985625235
2.502,-0.01851197410487345
2.5039999999999996,-0.0093320200760889
2.5060000000000002,0.0015691753594894702
2.508,0.009027888042439005
2.51,0.003290416746672836
2.5119999999999996,0.0015691753594894702
2.5140000000000002,0.012470370823705008
2.516,0.017634095000955557
2.518,0.019929083526238643
2.5199999999999996,0.03083027903864445
2.5220000000000002,0.036567750372446514
2.524,0.03886273890818235
2.526,0.04230522171416312
2.5279999999999996,0.0428789688487698
2.5300000000000002,0.052058923013238716
2.532,0.05894388864987705
2.534,0.06181262433516903
2.5359999999999996,0.07214007281857457
2.5380000000000003,0.0853362570290506
2.54,0.08992623415552348
2.542,0.09336871700369273
2.5439999999999996,0.08017253276780441
2.5460000000000003,0.0818937741875086
2.548,0.10254867127935212
2.55,0.11230237271935126
2.5519999999999996,0.11631860273067368
2.5540000000000003,0.12664605134893508
2.556,0.13467851140298856
2.558,0.13582600569768322
2.5599999999999996,0.13812099428801644
2.5620000000000003,0.13353101710860782
2.564,0.14156347717587706
2.566,0.15820214450708844
2.5679999999999996,0.16508711031863899
2.5700000000000003,0.16279212171353225
2.572,0.1685295932286529
2.574,0.16623460462166206
2.5759999999999996,0.17025083468471972
2.5780000000000003,0.1822995248969589
2.58,0.18287327205078466
2.582,0.18574200782109454
2.5839999999999996,0.19779069807779076
2.5860000000000003,0.21156062984202775
2.588,0.21787184858237332
2.59,0.2184455957410554
2.5919999999999996,0.2167243542652433
2.5940000000000003,0.223609320172721
2.596,0.23451051621592195
2.598,0.23852674634421414
2.5999999999999996,0.2327892747335392
2.6020000000000003,0.2373792520214536
2.604,0.24655920661228306
2.606,0.25229667824170354
2.6079999999999997,0.25344417256852525
2.6100000000000003,0.2603291385360062
2.612,0.2654928630189901
2.614,0.26721410451472266
2.6159999999999997,0.2769678063371252
2.6180000000000003,0.2815577836731098
2.62,0.2821315308404589
2.622,0.28844274968643496
2.6239999999999997,0.29245897986605324
2.6260000000000003,0.3027864289168761
2.628,0.30852390062266993
2.63,0.3027864289168761
2.6319999999999997,0.3033601760871045
2.6339999999999995,0.3119663836498792
2.6359999999999992,0.3079501534517402
2.638,0.3199988440575889
2.6399999999999997,0.32688381013346324
2.6419999999999995,0.34007999514348586
2.644,0.34983369713380763
2.645999999999998,0.3532761801945685
2.6479999999999997,0.3475387084281856
2.6499999999999995,0.3561449160806671
2.652,0.36073489350245774
2.654,0.3624561350369082
2.6559999999999997,0.3647511237505944
2.6579999999999995,0.3733573314379559
2.66,0.3756523201575307
2.662,0.3802422976003935
2.6639999999999997,0.3796685504197651
2.6659999999999995,0.3785210560587392
2.668,0.3888485053191149
2.67,0.3968809658722952
2.6719999999999997,0.4049134264406303
2.6739999999999995,0.4060609208087725
2.676,0.40433967925667613
2.678,0.4117983926541181
2.6799999999999997,0.41696211732153454
2.6819999999999995,0.4198308532505796
2.684,0.4324532913613062
2.685999999999998,0.4255683251144614
2.6879999999999997,0.426142072301273
2.6899999999999995,0.4358957744888943
2.692,0.4467969710779096
2.694,0.4439282351307328
2.6959999999999997,0.44163324637438
2.6979999999999995,0.4479444654573191
2.7,0.4496657070270115
2.702,0.45023945421706346
2.7039999999999997,0.453108190168478
2.7059999999999995,0.4542556845495833
2.708,0.4576981676947459
2.71,0.4565506733127168
2.7119999999999997,0.4714681003031237
2.7139999999999995,0.48007430820587
2.716,0.4817955497884945
2.718,0.4915492521031122
2.7199999999999998,0.486959274540525
2.7219999999999995,0.4846642857610757
2.724,0.493844240886249
2.725999999999998,0.4972867240632614
2.7279999999999998,0.4972867240632614
2.7299999999999995,0.4949917352782806
2.7319999999999993,0.4961392296706176
2.734,0.5081879208087084
2.7359999999999998,0.5202366119806531
2.7379999999999995,0.5248265895788642
2.74,0.5202366119806531
2.742,0.5093354152045794
2.7439999999999998,0.5099091624026288
2.7459999999999996,0.5196628647812218
2.748,0.5208103591801603
2.75,0.5225316007791447
2.752,0.5271215783798097
2.7539999999999996,0.5271215783798097
2.7559999999999993,0.5294165671819812
2.758,0.5391702696048954
2.76,0.5403177640090476
2.7619999999999996,0.5460552360344012
2.7639999999999993,0.5494977192532879
2.766,0.5483502248466867
2.768,0.5517927080674128
2.7699999999999996,0.5569564329036646
2.7719999999999994,0.5517927080674128
2.774,0.5426127528182696
2.776,0.5454814888315203
2.7779999999999996,0.5563826856993305
2.7799999999999994,0.5552351912908916
2.782,0.5592514217217676
2.784,0.5713001130368833
2.7859999999999996,0.5770375851035496
2.788000000000001,0.5741688490692609
2.79,0.5713001130368833
2.792,0.5707263658306357
2.7939999999999996,0.5713001130368833
2.7959999999999994,0.5713001130368833
2.798,0.5678576298005507
2.8,0.5707263658306357
2.8019999999999996,0.5758900906896051
2.8039999999999994,0.5753163434827474
2.806,0.5718738602432071
2.808,0.5747425962759658
2.8099999999999996,0.5793325739323565
2.8119999999999994,0.5776113323106358
2.814,0.5827750571778584
2.816,0.5879387820512696
2.8179999999999996,0.5873650348428053
2.8199999999999994,0.5787588267250409
2.822,0.5799063211397496
2.824,0.5902337708858798
2.8259999999999996,0.5936762541400861
2.828000000000001,0.5867912876344193
2.83,0.5890862764684213
2.832,0.5976924846068029
2.8339999999999996,0.5931025069308615
2.8359999999999994,0.5890862764684213
2.838,0.5919550125126396
2.84,0.5936762541400861
2.8419999999999996,0.5873650348428053
2.8439999999999994,0.5931025069308615
2.846,0.6022824622876278
2.848,0.5999874734466043
2.8499999999999996,0.5885125292598059
2.8519999999999994,0.5919550125126396
2.854,0.5925287597217123
2.856,0.5890862764684213
2.8579999999999997,0.5936762541400861
2.8599999999999994,0.5971187373970437
2.862,0.5936762541400861
2.864,0.5919550125126396
2.8659999999999997,0.5925287597217123
2.868000000000001,0.5971187373970437
2.87,0.5953974957682215
2.872,0.5919550125126396
2.8739999999999997,0.5885125292598059
2.8759999999999994,0.5839225515936375
2.878,0.5827750571778584
2.88,0.5850700460097211
2.8819999999999997,0.5948237485587684
2.8839999999999995,0.5953974957682215
2.8859999999999992,0.5953974957682215
2.888,0.5919550125126396
2.8899999999999997,0.6028562094980738
2.8919999999999995,0.5982662318166382
2.894,0.5890862764684213
2.895999999999998,0.5833488043857104
2.8979999999999997,0.5867912876344193
2.8999999999999995,0.5839225515936375
2.902,0.5770375851035496
2.904,0.5781850795178011
2.9059999999999997,0.5816275627623855
2.9079999999999995,0.5816275627623855
2.91,0.5839225515936375
2.912,0.5747425962759658
2.9139999999999997,0.5713001130368833
2.9159999999999995,0.5776113323106358
2.918,0.5741688490692609
2.92,0.5690051242123562
2.9219999999999997,0.5632676521563922
2.9239999999999995,0.5661363881834182
2.926,0.5713001130368833
2.928,0.5713001130368833
2.9299999999999997,0.5667101353890529
2.9319999999999995,0.563841399361644
2.934,0.5632676521563922
2.935999999999998,0.5546614440867862
2.9379999999999997,0.5506452136601961
2.9399999999999995,0.5621201577461167
2.942,0.5581039273125638
2.944,0.5552351912908916
2.9459999999999997,0.5563826856993305
2.9479999999999995,0.5460552360344012
2.95,0.5357277863942796
2.952,0.5385965224029344
2.9539999999999997,0.536301533595857
2.9559999999999995,0.5391702696048954
2.958,0.5345802919913544
2.96,0.5299903143827168
2.9619999999999997,0.5317115559853819
2.9639999999999995,0.5345802919913544
2.966,0.5299903143827168
2.968,0.5271215783798097
2.9699999999999998,0.5236790951788507
2.9719999999999995,0.5167941287852161
2.974,0.5150728871885335
2.975999999999998,0.5144991399897919
2.9779999999999998,0.5007292072430397
2.9799999999999995,0.5035979432283004
2.982,0.505892932017891
2.984,0.5076141736108899
2.9859999999999998,0.5013029544399382
2.9879999999999995,0.5035979432283004
2.99,0.4892542633212029
2.992,0.4875330217355798
2.9939999999999998,0.4840905385664062
2.9959999999999996,0.4789268138178368
2.998,0.4749105834621445
3.0,0.4789268138178368
3.002,0.4840905385664062
3.0039999999999996,0.48007430820587
3.0059999999999993,0.4674518699544337
3.008,0.4617143980342758
3.01,0.4657306283775778
3.0119999999999996,0.4651568811854456
3.0139999999999993,0.4554031789309954
3.016,0.4519606957876813
3.018,0.4513869485973976
3.0199999999999996,0.4410594991854844
3.0219999999999994,0.4387645104306738
3.024,0.43015830261112414
3.026,0.4318795441736452
3.0279999999999996,0.4221258419952055
3.0299999999999994,0.4129458870241141
3.032,0.4163883701359569
3.034,0.41581462295045657
3.0359999999999996,0.41753586450718977
3.038000000000001,0.4244208307410676
3.04,0.4152408757650339
3.042,0.4083559095459829
3.0439999999999996,0.3974547130552448
3.0459999999999994,0.3888485053191149
3.048,0.3825372863236822
3.05,0.38942225250098256
3.0519999999999996,0.3934384827762187
3.0539999999999994,0.3808160447811002
3.056,0.3647511237505944
3.058,0.3653248709292085
3.0599999999999996,0.36819360682344804
3.0619999999999994,0.36073489350245774
3.064,0.3515549386638389
3.066,0.35384992737163257
3.0679999999999996,0.3578661576132575
3.0699999999999994,0.3521286858406705
3.072,0.3412274894941249
3.074,0.3372112592682477
3.0759999999999996,0.32688381013346324
3.078000000000001,0.3159826138518298
3.08,0.31655636102384777
3.082,0.309097647793678
3.0839999999999996,0.3004914402367361
3.0859999999999994,0.2987701987274476
3.088,0.2947539685418345
3.09,0.29303272703488265
3.0919999999999996,0.2913114855286315
3.0939999999999994,0.2815577836731098
3.096,0.275246564837416
3.098,0.26721410451472266
3.0999999999999996,0.27868904783753506
3.1019999999999994,0.2821315308404589
3.104,0.2723778290061288
3.106,0.2631978743591061
3.1079999999999997,0.25229667824170354
3.1099999999999994,0.2505754367520573
3.112,0.24655920661228306
3.114,0.2350842633768725
3.1159999999999997,0.2350842633768725
3.118000000000001,0.2316417804123433
3.12,0.21787184858237332
3.122,0.2190193428998181
3.1239999999999997,0.2190193428998181
3.1259999999999994,0.2006594338582868
3.128,0.1886107435933629
3.13,0.18516826066687586
3.1319999999999997,0.19434821514377895
3.1339999999999995,0.2058231582681145
3.1359999999999992,0.19434821514377895
3.138,0.17770954766916938
3.1399999999999997,0.1696770875326184
3.1419999999999995,0.17254582329390775
3.144,0.17254582329390775
3.145999999999998,0.15762839735663636
3.1479999999999997,0.15016968440790834
3.1499999999999995,0.15016968440790834
3.152,0.14156347717587706
3.154,0.13582600569768322
3.1559999999999997,0.13467851140298856
3.1579999999999995,0.12664605134893508
3.16,0.12549855705675694
3.162,0.123203568473347
3.1639999999999997,0.10140117699379116
3.1659999999999995,0.10140117699379116
3.168,0.10082742985112886
3.17,0.1048436598514219
3.1719999999999997,0.09508995842884067
3.1739999999999995,0.0864837513101947
3.176,0.0784512913488086
3.178,0.07730379706987488
3.1799999999999997,0.07041883140289666
3.1819999999999995,0.0560751529665606
3.184,0.05722264723965065
3.185999999999998,0.05894388864987705
3.1879999999999997,0.03140402617166853
3.1899999999999995,0.03025653190569941
3.192,0.03542025610505135
3.194,0.02451906058060864
3.1959999999999997,0.02624030197730543
3.1979999999999995,0.026814049109693996
3.2,0.013617865084762787
3.202,0.009601635172452891
3.2039999999999997,0.0038641638758907713
3.2059999999999995,-0.009905767203483202
3.208,-0.0024470545411625034
3.21,-0.016216985599584455
3.2119999999999997,-0.020233215483008403
3.2139999999999995,-0.014495744219782425
3.216,-0.01965946835704325
3.218,-0.032855652234136924
3.2199999999999998,-0.04203560621079098
3.2219999999999995,-0.0471993303137089
3.224,-0.05867427274155755
3.225999999999998,-0.0626905025837804
3.2279999999999998,-0.06785422666090317
3.2299999999999995,-0.057526778500205565
3.232,-0.0626905025837804
3.234,-0.07473919208702462
3.2359999999999998,-0.08449289308771257
3.2379999999999995,-0.08850912290482618
3.24,-0.08793537578833338
3.242,-0.09596783541194737
3.2439999999999998,-0.10973776615887987
3.2459999999999996,-0.11432774306429942
3.248,-0.11375399595140195
3.25,-0.11719647862758854
3.252,-0.11490149017711784
3.2539999999999996,-0.12006521418887968
3.2559999999999993,-0.1275239266388831
3.258,-0.14072011017115504
3.26,-0.15047381101561738
3.2619999999999996,-0.1585062705172045
3.2639999999999993,-0.15965376473043552
3.266,-0.16883371842473566
3.268,-0.16940746552994718
3.2699999999999996,-0.1728499481595362
3.2719999999999994,-0.18604613154620345
3.274,-0.1963735793844063
3.276,-0.19350484387640432
3.2779999999999996,-0.18719362575173384
3.2799999999999994,-0.1946523380798468
3.282,-0.21014350979485247
3.284,-0.21473348658804456
3.2859999999999996,-0.2135859923902288
3.288000000000001,-0.21129100399363315
3.29,-0.219897210474233
3.292,-0.23653587628538825
3.2939999999999996,-0.23653587628538825
3.2959999999999994,-0.2307984053236717
3.298,-0.23653587628538825
3.3,-0.2508795536544345
3.3019999999999996,-0.26005950714418785
3.3039999999999994,-0.2606332542366129
3.306,-0.26292824260550224
3.308,-0.2669444722479524
3.3099999999999996,-0.2789931611515785
3.3119999999999994,-0.28817311457805794
3.314,-0.2921893441956384
3.316,-0.2939105854591029
3.3179999999999996,-0.295058079634343
3.3199999999999994,-0.3048117801108212
3.322,-0.303664285938331
3.324,-0.300221803418918
3.3259999999999996,-0.31571297473333737
3.328000000000001,-0.3317778930711513
3.33,-0.34440032886344624
3.332,-0.3386628580536292
3.3339999999999996,-0.3208766984917002
3.3359999999999994,-0.31227049222411896
3.338,-0.3254666751602962
3.34,-0.3466953171851017
3.3419999999999996,-0.35817025877391623
3.3439999999999994,-0.36218648832233336
3.346,-0.3759564181724165
3.348,-0.3725139357142808
3.3499999999999996,-0.3707926944841167
3.3519999999999994,-0.3771039123244779
3.354,-0.3834151301550071
3.356,-0.3811201418541348
3.3579999999999997,-0.3811201418541348
3.3599999999999994,-0.3937425774928384
3.362,-0.4006275423700881
3.364,-0.4063650130921755
3.3659999999999997,-0.409233748450169
3.368000000000001,-0.4121024838061266
3.37,-0.4189874486521172
3.372,-0.4149712191600475
3.3739999999999997,-0.4115287367350976
3.3759999999999994,-0.4201349427919751
3.378,-0.4304623900360307
3.38,-0.4373473548507281
3.3819999999999997,-0.4384948489853685
3.3839999999999995,-0.4413635843205453
3.3859999999999992,-0.4448060667200628
3.388,-0.4448060667200628
3.3899999999999997,-0.4557072609658239
3.3919999999999995,-0.4585759962887577
3.394,-0.4568547550952422
3.395999999999998,-0.4683296963714582
3.3979999999999997,-0.4706246846227793
3.3999999999999995,-0.4769359023071706
3.402,-0.4884108435261729
3.404,-0.4981645435365946
3.4059999999999997,-0.4861158552849898
3.4079999999999995,-0.4901320847061998
3.41,-0.4958695553009754
3.412,-0.4918533258854928
3.4139999999999997,-0.4878370964660002
3.4159999999999995,-0.5033282670619453
3.418,-0.5130819670361749
3.42,-0.5107869788090741
3.4219999999999997,-0.4993120376539116
3.4239999999999995,-0.507344496465966
3.426,-0.5302943786976279
3.428,-0.5211144258207021
3.4299999999999997,-0.5153769552619653
3.4319999999999995,-0.5291468845891593
3.434,-0.5457855491298171
3.435999999999998,-0.5549655019502815
3.4379999999999997,-0.5452118020778405
3.4399999999999995,-0.5417693197642539
3.442,-0.5457855491298171
3.444,-0.5411955727117014
3.4459999999999997,-0.5543917548996169
3.4479999999999995,-0.5670141899952205
3.45,-0.5635717077003639
3.452,-0.5561129960513601
3.4539999999999997,-0.5595554783526271
3.4559999999999995,-0.5658666958972635
3.458,-0.5698829252386729
3.46,-0.5647192017989795
3.4619999999999997,-0.5652929488481614
3.4639999999999995,-0.5670141899952205
3.466,-0.5830791073320705
3.468,-0.5865215896101462
3.4699999999999998,-0.5865215896101462
3.4719999999999995,-0.5807841191450408
3.474,-0.5773416368620273
3.475999999999998,-0.5888165777938836
3.4779999999999998,-0.603160253912394
3.4799999999999995,-0.6020127598248085
3.482,-0.6020127598248085
3.484,-0.5962752893819331
3.4859999999999998,-0.59799653051566
3.4879999999999995,-0.6134877006858368
3.49,-0.6140614477280217
3.492,-0.6134877006858368
3.4939999999999998,-0.6088977243453808
3.4959999999999996,-0.6037340009560632
3.498,-0.6083239773024535
3.5,-0.6077502302594423
3.502,-0.6134877006858368
3.5039999999999996,-0.6192251711039842
3.5059999999999993,-0.6255363885544204
3.508,-0.6301263648757409
3.51,-0.622667653350914
3.5119999999999996,-0.6209464122278204
3.5139999999999993,-0.6255363885544204
3.516,-0.6289788707959056
3.518,-0.6278313767157402
3.5199999999999996,-0.6278313767157402
3.5219999999999994,-0.629552617835864
3.524,-0.635863835269961
3.526,-0.6341425941525615
3.5279999999999996,-0.6352900882309118
3.5299999999999994,-0.6370113293478146
3.532,-0.6364375823089289
3.534,-0.6404538115793935
3.5359999999999996,-0.6473387760336315
3.538000000000001,-0.646191281958751
3.54,-0.6416013056559249
3.542,-0.638158823425338
3.5439999999999996,-0.6347163411917773
3.5459999999999994,-0.6312738589552446
3.548,-0.6335688471132634
3.55,-0.6519287523298475
3.5519999999999996,-0.6456175349211875
3.5539999999999994,-0.6370113293478146
3.556,-0.6479125230709486
3.558,-0.6484862701081812
3.5599999999999996,-0.6473387760336315
3.5619999999999994,-0.6473387760336315
3.564,-0.6547974875122964
3.566,-0.6530762464030749
3.5679999999999996,-0.6525024993665026
3.5699999999999994,-0.6484862701081812
3.572,-0.6433225467701049
3.574,-0.6473387760336315
3.5759999999999996,-0.6473387760336315
3.578000000000001,-0.6484862701081812
3.58,-0.6444700408458116
3.582,-0.6421750526940673
3.5839999999999996,-0.6473387760336315
3.5859999999999994,-0.6513550052931093
3.588,-0.6530762464030749
3.59,-0.6438962938079993
3.5919999999999996,-0.6393063175025304
3.5939999999999994,-0.6410275586177011
3.596,-0.6496337641824005
3.598,-0.6473387760336315
3.5999999999999996,-0.6421750526940673
3.6019999999999994,-0.6387325704639765
3.604,-0.6525024993665026
3.606,-0.6484862701081812
3.6079999999999997,-0.6393063175025304
3.6099999999999994,-0.6410275586177011
3.612,-0.6530762464030749
3.614,-0.6496337641824005
3.6159999999999997,-0.6352900882309118
3.618000000000001,-0.6324213530344187
3.62,-0.6335688471132634
3.622,-0.6421750526940673
3.6239999999999997,-0.6352900882309118
3.6259999999999994,-0.629552617835864
3.628,-0.622667653350914
3.63,-0.6324213530344187
3.6319999999999997,-0.6301263648757409
3.6339999999999995,-0.6278313767157402
3.6359999999999992,-0.6261101355948748
3.638,-0.6209464122278204
3.6399999999999997,-0.622667653350914
3.6419999999999995,-0.6232414003917807
3.644,-0.6197989181453454
3.645999999999998,-0.6152089418121468
3.6479999999999997,-0.6169301829377143
3.6499999999999995,-0.6175039299794056
3.652,-0.6094714713882262
3.654,-0.59799653051566
3.6559999999999997,-0.59799653051566
3.6579999999999995,-0.6043077479996509
3.66,-0.6060289891299174
3.662,-0.6094714713882262
3.6639999999999997,-0.6066027361731751
3.6659999999999995,-0.6043077479996509
3.668,-0.5991440246043996
3.67,-0.5842266014250921
3.6719999999999997,-0.5922590600670208
3.6739999999999995,-0.5957015423371929
3.676,-0.5928328071122548
3.678,-0.5888165777938836
3.6799999999999997,-0.5876690837021787
3.6819999999999995,-0.5853740955177834
3.684,-0.5807841191450408
3.685999999999998,-0.571030419335479
3.6879999999999997,-0.5635717077003639
3.6899999999999995,-0.5658666958972635
3.692,-0.571030419335479
3.694,-0.5652929488481614
3.6959999999999997,-0.5629979606509339
3.6979999999999995,-0.5612767195021513
3.7,-0.5647192017989795
3.702,-0.5543917548996169
3.7039999999999997,-0.5515230196450698
3.7059999999999995,-0.5520967666961444
3.708,-0.5463592961817116
3.71,-0.539474331553555
3.7119999999999997,-0.5268518963712393
3.7139999999999995,-0.5239831610969974
3.716,-0.5291468845891593
3.718,-0.5331631139673616
3.7199999999999998,-0.5308681257517381
3.7219999999999995,-0.5279993904803644
3.724,-0.5245569081520097
3.725999999999998,-0.5228356669867245
3.7279999999999998,-0.5148032082056401
3.7299999999999995,-0.5084919905806629
3.732,-0.5079182435233555
3.734,-0.505623255293305
3.7359999999999998,-0.4947220611826757
3.7379999999999995,-0.4878370964660002
3.74,-0.4884108435261729
3.742,-0.4878370964660002
3.7439999999999998,-0.4866896023454088
3.7459999999999996,-0.4746409140594472
3.748,-0.4671822022453074
3.75,-0.4746409140594472
3.752,-0.4763621552453621
3.7540000000000004,-0.4648872139920256
3.7559999999999993,-0.4648872139920256
3.758,-0.4614447316096493
3.759999999999999,-0.4597234904173598
3.7619999999999996,-0.4557072609658239
3.764000000000001,-0.4453798137863642
3.766,-0.4339048724448469
3.768,-0.4293148958991063
3.7699999999999996,-0.431609884172628
3.7719999999999994,-0.4281674017618557
3.774,-0.4235774252095925
3.776,-0.4287411488305209
3.7779999999999996,-0.4201349427919751
3.7799999999999994,-0.41726620744171855
3.782,-0.4115287367350976
3.784,-0.409233748450169
3.7859999999999996,-0.40579126602033416
3.788000000000001,-0.4029225306598992
3.79,-0.3960375657865565
3.792,-0.3948900716398598
3.7940000000000005,-0.38169388892947376
3.7959999999999994,-0.37480892402002797
3.798,-0.3771039123244779
3.799999999999998,-0.3736614298673179
3.8019999999999996,-0.3633339824782931
3.804000000000001,-0.36390772955615097
3.806,-0.35472777630067914
3.808,-0.34726906426531323
3.8099999999999996,-0.3489903055054604
3.8119999999999994,-0.340384099297426
3.814,-0.32776166349265
3.816,-0.33694161680910384
3.8179999999999996,-0.33292538723570764
3.8199999999999994,-0.328909157658341
3.822,-0.3312041459887511
3.824,-0.3248929280770054
3.8259999999999996,-0.31513922764867097
3.828000000000001,-0.30653302136894894
3.83,-0.29161559710765483
3.832,-0.2853043791345048
3.8340000000000005,-0.29046810293144604
3.8359999999999994,-0.2962055738092591
3.838,-0.28358313786740297
3.839999999999998,-0.27382943734009785
3.8419999999999996,-0.26923946061329285
3.844000000000001,-0.2566170245879503
3.846,-0.2583382658664317
3.848,-0.2583382658664317
3.8499999999999996,-0.2531745420288087
3.8519999999999994,-0.24342084142881554
3.854,-0.2376833704767644
3.856,-0.23251964661303226
3.8579999999999997,-0.2256346814512431
3.8599999999999994,-0.2210447046702793
3.862,-0.22333969306140408
3.864,-0.2153072336868319
3.8659999999999997,-0.20784852139632626
3.868000000000001,-0.21014350979485247
3.87,-0.20784852139632626
3.872,-0.196947326485766
3.8740000000000006,-0.18776737285437686
3.8759999999999994,-0.18432489023730614
3.878,-0.17858741920243346
3.879999999999998,-0.17514493657765892
3.8819999999999997,-0.16653873000308422
3.8840000000000012,-0.1562112820897815
3.8859999999999992,-0.15449004076837447
3.888,-0.15219505233870775
3.889999999999999,-0.15276879944624513
3.8919999999999995,-0.14129385728029287
3.894,-0.13440889196534953
3.895999999999998,-0.13096640930355669
3.8979999999999997,-0.12522893819416847
3.8999999999999995,-0.11834397285234648
3.902,-0.106295283476459
3.904,-0.10055781233270232
3.9059999999999997,-0.1034265479055785
3.9079999999999995,-0.10801652481802984
3.91,-0.0902303642538202
3.912,-0.0804766632666913
3.9139999999999997,-0.08506664020468356
3.9159999999999995,-0.07359169785013521
3.918,-0.06728047954154047
3.919999999999998,-0.07359169785013521
3.9219999999999997,-0.07416544496861982
3.9240000000000013,-0.0626905025837804
3.926,-0.04203560621079098
3.928,-0.044904341824318766
3.929999999999999,-0.032855652234136924
3.9319999999999995,-0.024249445362540176
3.934,-0.023675698237130716
3.935999999999998,-0.021954456860426456
3.9379999999999997,-0.014495744219782425
3.9399999999999995,-0.0167907327260247
3.942,-0.00015206602698164805
3.944,0.01419161221540754
3.9459999999999997,0.009601635172452891
3.9479999999999995,0.009601635172452891
3.95,0.01935533639479949
3.952,0.019929083526238643
3.9539999999999997,0.03083027903864445
3.9559999999999995,0.04001023317652614
3.958,0.04058398031081584
3.959999999999998,0.02738779624216393
3.9619999999999997,0.03197777330477166
3.9640000000000013,0.05263267014919085
3.966,0.06640260143574522
3.968,0.06869758998792942
3.969999999999999,0.06123887719795206
3.9719999999999995,0.07787754420930221
3.974,0.09049998129668764
3.975999999999998,0.08820499273250451
3.9779999999999998,0.08246752132756757
3.9799999999999995,0.0853362570290506
3.982,0.10197492413653247
3.984,0.1042699127082853
3.9859999999999998,0.10369616556522927
3.9879999999999995,0.11230237271935126
3.99,0.11861359131030536
3.992,0.1226298213276908
3.9939999999999998,0.13180977566762767
3.9959999999999996,0.13582600569768322
3.998,0.14500596006656802
3.9999999999999982,0.1513171787068478
4.002,0.15016968440790834
4.0040000000000004,0.1518909258564357
4.006,0.16738209892500053
4.008,0.17828329482236735
4.009999999999999,0.17426706475162226
4.012,0.17139832898915716
4.014000000000001,0.17598830621004202
4.016,0.1845945135127339
4.018,0.19033198505766516
4.02,0.19320072083307002
4.021999999999999,0.19434821514377895
4.024,0.2029544224840929
4.026,0.2058231582681145
4.028,0.2190193428998181
4.029999999999999,0.2310680332518617
4.032,0.2327892747335392
4.034,0.2333630218942557
4.036,0.2322155275729025
4.038000000000001,0.24024798782893986
4.04,0.2477067009375423
4.042,0.25229667824170354
4.0440000000000005,0.2488541952631155
4.045999999999999,0.2563129083869433
4.048,0.25860789704308235
4.049999999999998,0.2609028857004692
4.052,0.25746040271485626
4.054000000000001,0.2746728176710031
4.056,0.28614776101408085
4.058,0.290163991191519
4.06,0.2936064742037897
4.061999999999999,0.297048957218862
4.064,0.3039339232574119
4.066,0.3119663836498792
4.068,0.3113926364784845
4.069999999999999,0.3113926364784845
4.072,0.3136876251645356
4.074,0.3222938327483042
4.076,0.32286757992117765
4.078000000000001,0.3286050516541803
4.08,0.32975254600171383
4.082,0.33606376491869605
4.0840000000000005,0.3504074443104075
4.085999999999999,0.3578661576132575
4.088,0.3613086406805309
4.089999999999998,0.35671866325811946
4.092,0.3555711689032922
4.094000000000001,0.3658986181079025
4.096,0.3819635391427454
4.098,0.3779473088783425
4.1,0.3699148483609211
4.101999999999999,0.3647511237505944
4.104,0.3785210560587392
4.106,0.3842585278669642
4.108,0.3928647355938093
4.109999999999999,0.4003234489711547
4.112,0.4077821623615647
4.114,0.4089296567304788
4.116,0.4072084151772239
4.118000000000001,0.40433967925667613
4.12,0.4089296567304788
4.122,0.4186833588787297
4.1240000000000006,0.4341745329247535
4.1259999999999994,0.4278633138621743
4.128,0.4255683251144614
4.129999999999998,0.42958455542377
4.132,0.4393382576192618
4.134000000000001,0.4393382576192618
4.135999999999999,0.4404857519966671
4.138,0.4473707182675749
4.139999999999999,0.4565506733127168
4.1419999999999995,0.4519606957876813
4.144,0.4599931564597302
4.145999999999998,0.4617143980342758
4.148,0.4611406508426831
4.1499999999999995,0.4651568811854456
4.152,0.4663043755697866
4.154,0.4640093868014154
4.156,0.4703206059173985
4.1579999999999995,0.48007430820587
4.16,0.4886805161259194
4.162,0.4909755049075196
4.164,0.486959274540525
4.1659999999999995,0.4921229992987824
4.168,0.4955654824744112
4.169999999999998,0.4921229992987824
4.172,0.4829430441772981
4.174000000000001,0.4909755049075196
4.176,0.5064666792154793
4.178,0.51277789839403
4.179999999999999,0.5110566567989603
4.1819999999999995,0.5041716904255817
4.184,0.5053191848203779
4.185999999999998,0.5190891175818664
4.188,0.5076141736108899
4.1899999999999995,0.5099091624026288
4.192,0.5265478311794568
4.194,0.5276953255802376
4.196,0.5265478311794568
4.1979999999999995,0.5299903143827168
4.2,0.5282690727807416
4.202,0.5294165671819812
4.204,0.5305640615835276
4.2059999999999995,0.5368752807975119
4.208,0.5483502248466867
4.209999999999998,0.5546614440867862
4.212,0.54376024722334
4.214000000000001,0.5403177640090476
4.216,0.5426127528182696
4.218,0.5552351912908916
4.219999999999999,0.5592514217217676
4.2219999999999995,0.5546614440867862
4.224,0.5443339944259908
4.225999999999998,0.5431865000207661
4.228,0.5609726633361479
4.2299999999999995,0.5609726633361479
4.232,0.5552351912908916
4.234,0.5546614440867862
4.236,0.5546614440867862
4.2379999999999995,0.5494977192532879
4.24,0.5621201577461167
4.242,0.5713001130368833
4.244,0.5718738602432071
4.2459999999999996,0.5649888937723776
4.248,0.5724476074496058
4.249999999999998,0.5661363881834182
4.252,0.5632676521563922
4.2540000000000004,0.563841399361644
4.256,0.5741688490692609
4.258,0.5770375851035496
4.259999999999999,0.5758900906896051
4.262,0.5770375851035496
4.264000000000001,0.5850700460097211
4.266,0.5827750571778584
4.268,0.5724476074496058
4.27,0.5713001130368833
4.271999999999999,0.5770375851035496
4.274,0.5787588267250409
4.276,0.5833488043857104
4.278,0.5839225515936375
4.279999999999999,0.5885125292598059
4.282,0.5827750571778584
4.284,0.5730213546560805
4.286,0.5816275627623855
4.288000000000001,0.5839225515936375
4.29,0.5730213546560805
4.292,0.5764638378965393
4.2940000000000005,0.5885125292598059
4.295999999999999,0.5787588267250409
4.298,0.5799063211397496
4.299999999999998,0.5896600236771118
4.302,0.5827750571778584
4.304000000000001,0.5770375851035496
4.306,0.582201309970084
4.308,0.5810538155547644
4.31,0.5799063211397496
4.311999999999999,0.5810538155547644
4.314,0.5816275627623855
4.316,0.5741688490692609
4.318,0.5758900906896051
4.319999999999999,0.5695788714183737
4.322,0.5730213546560805
4.324,0.5793325739323565
4.326,0.5724476074496058
4.328000000000001,0.5626939049512164
4.33,0.5661363881834182
4.332,0.5724476074496058
4.3340000000000005,0.5735951018626321
4.335999999999999,0.561546410541095
4.338,0.5569564329036646
4.339999999999998,0.5667101353890529
4.342,0.5730213546560805
4.344000000000001,0.5770375851035496
4.346,0.5684313770064156
4.348,0.5609726633361479
4.35,0.5672838825947634
4.351999999999999,0.5707263658306357
4.354,0.5667101353890529
4.356,0.5575301801080755
4.358,0.5558089384950732
4.359999999999999,0.5563826856993305
4.362,0.5598251689264838
4.364,0.5603989161312775
4.366,0.5563826856993305
4.368000000000001,0.5563826856993305
4.37,0.5546614440867862
4.372,0.5472027304403909
4.3740000000000006,0.5403177640090476
4.3759999999999994,0.5391702696048954
4.378,0.5385965224029344
4.379999999999998,0.5357277863942796
4.382,0.5294165671819812
4.384000000000001,0.5357277863942796
4.385999999999999,0.5340065447900072
4.388,0.5265478311794568
4.389999999999999,0.5254003367789845
4.3919999999999995,0.5202366119806531
4.394,0.5173678759842623
4.395999999999998,0.5185153703825885
4.398,0.5104829096007557
4.3999999999999995,0.5144991399897919
4.402,0.5162203815862453
4.404,0.5110566567989603
4.406,0.5087616680066052
4.4079999999999995,0.5076141736108899
4.41,0.5099091624026288
4.412,0.5087616680066052
4.414,0.5047454376229414
4.4159999999999995,0.4926967464945283
4.418,0.4886805161259194
4.419999999999998,0.4829430441772981
4.422,0.4812218025942093
4.424000000000001,0.4829430441772981
4.426,0.4812218025942093
4.428,0.4737630890754978
4.429999999999999,0.4726155946891557
4.4319999999999995,0.4663043755697866
4.434,0.4680256171468728
4.435999999999998,0.4651568811854456
4.438,0.4680256171468728
4.4399999999999995,0.4565506733127168
4.442,0.4462232238883203
4.444,0.4485182126471385
4.446,0.4462232238883203
4.4479999999999995,0.4473707182675749
4.45,0.4427807407524022
4.452,0.4387645104306738
4.454,0.4422069935633516
4.4559999999999995,0.43360078573686
4.458,0.43360078573686
4.459999999999998,0.4267158194881629
4.462,0.4163883701359569
4.464000000000001,0.4031921848889975
4.466,0.4083559095459829
4.468,0.420978347622738
4.469999999999999,0.4255683251144614
4.4719999999999995,0.4072084151772239
4.474,0.3963072186894215
4.475999999999998,0.3911434940470483
4.478,0.3848322750482111
4.4799999999999995,0.3848322750482111
4.482,0.3928647355938093
4.484,0.3922909884114789
4.486,0.3899959996829269
4.4879999999999995,0.3848322750482111
4.49,0.3699148483609211
4.492,0.3613086406805309
4.494,0.3521286858406705
4.4959999999999996,0.3440962253720803
4.498,0.34524371972380435
4.499999999999998,0.3475387084281856
4.502,0.34180123666956064
4.5040000000000004,0.33606376491869605
4.506,0.3326212818719042
4.508,0.3286050516541803
4.509999999999999,0.3182776025403696
4.512,0.3142613723362419
4.514000000000001,0.3171301081959455
4.516,0.3108188893071656
4.518,0.309097647793678
4.52,0.30450767042779764
4.521999999999999,0.3039339232574119
4.524,0.2907377383600361
4.526,0.28614776101408085
4.528,0.290163991191519
4.529999999999999,0.283279025175389
4.532,0.2763940591704783
4.534,0.2769678063371252
4.536,0.266066610184156
4.538000000000001,0.2528704254050753
4.54,0.2505754367520573
4.542,0.25860789704308235
4.5440000000000005,0.25000168958899865
4.545999999999999,0.2327892747335392
4.548,0.23393676905505045
4.549999999999998,0.23967424066728715
4.552,0.2408217349906716
4.554000000000001,0.2281992974506283
4.556,0.22418306733218507
4.558,0.22246182585402466
4.56,0.2092656412115227
4.561999999999999,0.2029544224840929
4.564,0.2012331810146213
4.566,0.19606945661043185
4.568,0.1811520305895407
4.569999999999999,0.17828329482236735
4.572,0.18000453628243634
4.574,0.1840207663586733
4.576,0.183447019204691
4.578000000000001,0.16680835177329215
4.58,0.15762839735663636
4.582,0.15533340875561244
4.5840000000000005,0.15246467300610267
4.585999999999999,0.13525225855029555
4.588,0.1323835228145425
4.589999999999998,0.14098973002770354
4.592,0.13410476425575826
4.594000000000001,0.11861359131030536
4.596,0.1042699127082853
4.598,0.1042699127082853
4.6,0.10082742985112886
4.601999999999999,0.10025368270854486
4.604,0.1042699127082853
4.606,0.10656490128129983
4.608,0.10082742985112886
4.609999999999999,0.08820499273250451
4.612,0.08017253276780441
4.614,0.07386131423496398
4.616,0.06755009571167883
4.618000000000001,0.06468136002243577
4.62,0.054353911557519216
4.622,0.0463214516580731
4.6240000000000006,0.0428789688487698
4.6259999999999994,0.04861644019918917
4.628,0.03542025610505135
4.629999999999998,0.018207842132157558
4.632,0.01878158926343861
